Filename,Path
A-AP300PS0001.std,/home/tarapong/PythonProject/review_staad_file/found/A-AP300PS0001.std
A-AP300PS0011.std,/home/tarapong/PythonProject/review_staad_file/found/A-AP300PS0011.std
A-AP300PS0013.std,/home/tarapong/PythonProject/review_staad_file/found/A-AP300PS0013.std
A-AP300PS0014.std,/home/tarapong/PythonProject/review_staad_file/found/A-AP300PS0014.std
A-AP300PS0025.std,/home/tarapong/PythonProject/review_staad_file/found/A-AP300PS0025.std
A-AP300PS0045.std,/home/tarapong/PythonProject/review_staad_file/found/A-AP300PS0045.std
A-AP300PS0046.std,/home/tarapong/PythonProject/review_staad_file/found/A-AP300PS0046.std
A-AP300PS0049.std,/home/tarapong/PythonProject/review_staad_file/found/A-AP300PS0049.std
A-AP300PS0068.std,/home/tarapong/PythonProject/review_staad_file/found/A-AP300PS0068.std
A-AP300PS0076.std,/home/tarapong/PythonProject/review_staad_file/found/A-AP300PS0076.std
A-AP300PS0096.std,/home/tarapong/PythonProject/review_staad_file/found/A-AP300PS0096.std
A-AP300PS0110.std,/home/tarapong/PythonProject/review_staad_file/found/A-AP300PS0110.std
A-AP300PS0111.std,/home/tarapong/PythonProject/review_staad_file/found/A-AP300PS0111.std
A-AP300PS0113.std,/home/tarapong/PythonProject/review_staad_file/found/A-AP300PS0113.std
A-AP300PS0118.std,/home/tarapong/PythonProject/review_staad_file/found/A-AP300PS0118.std
A-AP300PS0123.std,/home/tarapong/PythonProject/review_staad_file/found/A-AP300PS0123.std
A-AP300PS0124.std,/home/tarapong/PythonProject/review_staad_file/found/A-AP300PS0124.std
A-AP300PS0129.std,/home/tarapong/PythonProject/review_staad_file/found/A-AP300PS0129.std
A-AP300PS0137.std,/home/tarapong/PythonProject/review_staad_file/found/A-AP300PS0137.std
A-AP300PS0145.std,/home/tarapong/PythonProject/review_staad_file/found/A-AP300PS0145.std
A-AP300PS0150.std,/home/tarapong/PythonProject/review_staad_file/found/A-AP300PS0150.std
A-AP300PS0159.std,/home/tarapong/PythonProject/review_staad_file/found/A-AP300PS0159.std
A-AP300PS0163.std,/home/tarapong/PythonProject/review_staad_file/found/A-AP300PS0163.std
A-AP300PS0173.std,/home/tarapong/PythonProject/review_staad_file/found/A-AP300PS0173.std
A-AP300PS0207.std,/home/tarapong/PythonProject/review_staad_file/found/A-AP300PS0207.std
A-AP300PS0208.std,/home/tarapong/PythonProject/review_staad_file/found/A-AP300PS0208.std
A-AP300PS0211.std,/home/tarapong/PythonProject/review_staad_file/found/A-AP300PS0211.std
A-AP300PS0230.std,/home/tarapong/PythonProject/review_staad_file/found/A-AP300PS0230.std
A-AP300PS0231.std,/home/tarapong/PythonProject/review_staad_file/found/A-AP300PS0231.std
A-AP300PS0232.std,/home/tarapong/PythonProject/review_staad_file/found/A-AP300PS0232.std
A-AP300PS0252.std,/home/tarapong/PythonProject/review_staad_file/found/A-AP300PS0252.std
A-AP300PS0256.std,/home/tarapong/PythonProject/review_staad_file/found/A-AP300PS0256.std
A-AP300PS0322.std,/home/tarapong/PythonProject/review_staad_file/found/A-AP300PS0322.std
A-AP300PS0336.std,/home/tarapong/PythonProject/review_staad_file/found/A-AP300PS0336.std
A-AP300PS0359.std,/home/tarapong/PythonProject/review_staad_file/found/A-AP300PS0359.std
A-AP300PS0375.std,/home/tarapong/PythonProject/review_staad_file/found/A-AP300PS0375.std
A-AP300PS0526.std,/home/tarapong/PythonProject/review_staad_file/found/A-AP300PS0526.std
A-AP300PS0541.std,/home/tarapong/PythonProject/review_staad_file/found/A-AP300PS0541.std
A-AP300PS0643.std,/home/tarapong/PythonProject/review_staad_file/found/A-AP300PS0643.std
A-AP300PS0730.std,/home/tarapong/PythonProject/review_staad_file/found/A-AP300PS0730.std
A-AP300PS0763.std,/home/tarapong/PythonProject/review_staad_file/found/A-AP300PS0763.std
A-AP300PS0777.std,/home/tarapong/PythonProject/review_staad_file/found/A-AP300PS0777.std
A-AP300PS0824.std,/home/tarapong/PythonProject/review_staad_file/found/A-AP300PS0824.std
A-AP300PS0915.std,/home/tarapong/PythonProject/review_staad_file/found/A-AP300PS0915.std
A-AP300PS1108.std,/home/tarapong/PythonProject/review_staad_file/found/A-AP300PS1108.std
A-AP300PS1110.std,/home/tarapong/PythonProject/review_staad_file/found/A-AP300PS1110.std
A-AP300PS1115.std,/home/tarapong/PythonProject/review_staad_file/found/A-AP300PS1115.std
A-AP300PS1299.std,/home/tarapong/PythonProject/review_staad_file/found/A-AP300PS1299.std
A-AP400PS0018.std,/home/tarapong/PythonProject/review_staad_file/found/A-AP400PS0018.std
A-AP400PS0021.std,/home/tarapong/PythonProject/review_staad_file/found/A-AP400PS0021.std
A-AP400PS0052.std,/home/tarapong/PythonProject/review_staad_file/found/A-AP400PS0052.std
A-AP400PS0164.std,/home/tarapong/PythonProject/review_staad_file/found/A-AP400PS0164.std
A-AP400PS0170.std,/home/tarapong/PythonProject/review_staad_file/found/A-AP400PS0170.std
A-AP400PS0201.std,/home/tarapong/PythonProject/review_staad_file/found/A-AP400PS0201.std
A-AP400PS0202.std,/home/tarapong/PythonProject/review_staad_file/found/A-AP400PS0202.std
A-AP400PS0287.std,/home/tarapong/PythonProject/review_staad_file/found/A-AP400PS0287.std
A-AP400PS0289.std,/home/tarapong/PythonProject/review_staad_file/found/A-AP400PS0289.std
A-AP400PS0297.std,/home/tarapong/PythonProject/review_staad_file/found/A-AP400PS0297.std
A-AP400PS0319.std,/home/tarapong/PythonProject/review_staad_file/found/A-AP400PS0319.std
A-AP400PS0457.std,/home/tarapong/PythonProject/review_staad_file/found/A-AP400PS0457.std
A-AP400PS0585.std,/home/tarapong/PythonProject/review_staad_file/found/A-AP400PS0585.std
A-AP400PS0704.std,/home/tarapong/PythonProject/review_staad_file/found/A-AP400PS0704.std
A-AP400PS0742.std,/home/tarapong/PythonProject/review_staad_file/found/A-AP400PS0742.std
A-AP400PS0802.std,/home/tarapong/PythonProject/review_staad_file/found/A-AP400PS0802.std
A-AP500PS0008.std,/home/tarapong/PythonProject/review_staad_file/found/A-AP500PS0008.std
A-AP500PS0009.std,/home/tarapong/PythonProject/review_staad_file/found/A-AP500PS0009.std
A-AP500PS0011.std,/home/tarapong/PythonProject/review_staad_file/found/A-AP500PS0011.std
A-AP500PS0012.std,/home/tarapong/PythonProject/review_staad_file/found/A-AP500PS0012.std
A-AP500PS0017.std,/home/tarapong/PythonProject/review_staad_file/found/A-AP500PS0017.std
A-AP500PS0018.std,/home/tarapong/PythonProject/review_staad_file/found/A-AP500PS0018.std
A-AP500PS0024.std,/home/tarapong/PythonProject/review_staad_file/found/A-AP500PS0024.std
A-AP500PS0028.std,/home/tarapong/PythonProject/review_staad_file/found/A-AP500PS0028.std
A-AP500PS0029.std,/home/tarapong/PythonProject/review_staad_file/found/A-AP500PS0029.std
A-AP500PS0031.std,/home/tarapong/PythonProject/review_staad_file/found/A-AP500PS0031.std
A-AP500PS0037.std,/home/tarapong/PythonProject/review_staad_file/found/A-AP500PS0037.std
A-AP500PS0048.std,/home/tarapong/PythonProject/review_staad_file/found/A-AP500PS0048.std
A-AP500PS0049.std,/home/tarapong/PythonProject/review_staad_file/found/A-AP500PS0049.std
A-AP500PS0050.std,/home/tarapong/PythonProject/review_staad_file/found/A-AP500PS0050.std
A-AP500PS0053.std,/home/tarapong/PythonProject/review_staad_file/found/A-AP500PS0053.std
A-AP500PS0058.std,/home/tarapong/PythonProject/review_staad_file/found/A-AP500PS0058.std
A-AP500PS0062.std,/home/tarapong/PythonProject/review_staad_file/found/A-AP500PS0062.std
A-AP500PS0077.std,/home/tarapong/PythonProject/review_staad_file/found/A-AP500PS0077.std
A-AP500PS0086.std,/home/tarapong/PythonProject/review_staad_file/found/A-AP500PS0086.std
A-AP500PS0092.std,/home/tarapong/PythonProject/review_staad_file/found/A-AP500PS0092.std
A-AP500PS0093.std,/home/tarapong/PythonProject/review_staad_file/found/A-AP500PS0093.std
A-AP500PS0094.std,/home/tarapong/PythonProject/review_staad_file/found/A-AP500PS0094.std
A-AP500PS0097.std,/home/tarapong/PythonProject/review_staad_file/found/A-AP500PS0097.std
A-AP500PS0098.std,/home/tarapong/PythonProject/review_staad_file/found/A-AP500PS0098.std
A-AP500PS0100.std,/home/tarapong/PythonProject/review_staad_file/found/A-AP500PS0100.std
A-AP500PS0110.std,/home/tarapong/PythonProject/review_staad_file/found/A-AP500PS0110.std
A-AP500PS0111.std,/home/tarapong/PythonProject/review_staad_file/found/A-AP500PS0111.std
A-AP500PS0120.std,/home/tarapong/PythonProject/review_staad_file/found/A-AP500PS0120.std
A-AP500PS0121.std,/home/tarapong/PythonProject/review_staad_file/found/A-AP500PS0121.std
A-AP500PS0122.std,/home/tarapong/PythonProject/review_staad_file/found/A-AP500PS0122.std
A-AP500PS0127.std,/home/tarapong/PythonProject/review_staad_file/found/A-AP500PS0127.std
A-AP500PS0128.std,/home/tarapong/PythonProject/review_staad_file/found/A-AP500PS0128.std
A-AP500PS0143.std,/home/tarapong/PythonProject/review_staad_file/found/A-AP500PS0143.std
A-AP500PS0144.std,/home/tarapong/PythonProject/review_staad_file/found/A-AP500PS0144.std
A-AP500PS0149.std,/home/tarapong/PythonProject/review_staad_file/found/A-AP500PS0149.std
A-AP500PS0151.std,/home/tarapong/PythonProject/review_staad_file/found/A-AP500PS0151.std
A-AP500PS0152.std,/home/tarapong/PythonProject/review_staad_file/found/A-AP500PS0152.std
A-AP500PS0157.std,/home/tarapong/PythonProject/review_staad_file/found/A-AP500PS0157.std
A-AP500PS0159.std,/home/tarapong/PythonProject/review_staad_file/found/A-AP500PS0159.std
A-AP500PS0186.std,/home/tarapong/PythonProject/review_staad_file/found/A-AP500PS0186.std
A-AP500PS0187.std,/home/tarapong/PythonProject/review_staad_file/found/A-AP500PS0187.std
A-AP500PS0193.std,/home/tarapong/PythonProject/review_staad_file/found/A-AP500PS0193.std
A-AP500PS0205.std,/home/tarapong/PythonProject/review_staad_file/found/A-AP500PS0205.std
A-AP500PS0213.std,/home/tarapong/PythonProject/review_staad_file/found/A-AP500PS0213.std
A-AP500PS0216.std,/home/tarapong/PythonProject/review_staad_file/found/A-AP500PS0216.std
A-AP500PS0217.std,/home/tarapong/PythonProject/review_staad_file/found/A-AP500PS0217.std
A-AP500PS0261.std,/home/tarapong/PythonProject/review_staad_file/found/A-AP500PS0261.std
A-AP500PS0264.std,/home/tarapong/PythonProject/review_staad_file/found/A-AP500PS0264.std
A-AP500PS0267.std,/home/tarapong/PythonProject/review_staad_file/found/A-AP500PS0267.std
A-AP500PS0268.std,/home/tarapong/PythonProject/review_staad_file/found/A-AP500PS0268.std
A-AP500PS0270.std,/home/tarapong/PythonProject/review_staad_file/found/A-AP500PS0270.std
A-AP500PS0271.std,/home/tarapong/PythonProject/review_staad_file/found/A-AP500PS0271.std
A-AP500PS0274.std,/home/tarapong/PythonProject/review_staad_file/found/A-AP500PS0274.std
A-AP500PS0276.std,/home/tarapong/PythonProject/review_staad_file/found/A-AP500PS0276.std
A-AP500PS0280.std,/home/tarapong/PythonProject/review_staad_file/found/A-AP500PS0280.std
A-AP500PS0290.std,/home/tarapong/PythonProject/review_staad_file/found/A-AP500PS0290.std
A-AP500PS0329.std,/home/tarapong/PythonProject/review_staad_file/found/A-AP500PS0329.std
A-AP500PS0349.std,/home/tarapong/PythonProject/review_staad_file/found/A-AP500PS0349.std
A-AP500PS0385.std,/home/tarapong/PythonProject/review_staad_file/found/A-AP500PS0385.std
A-AP500PS0393.std,/home/tarapong/PythonProject/review_staad_file/found/A-AP500PS0393.std
A-AP500PS0399.std,/home/tarapong/PythonProject/review_staad_file/found/A-AP500PS0399.std
A-AP500PS0400.std,/home/tarapong/PythonProject/review_staad_file/found/A-AP500PS0400.std
A-AP500PS0401.std,/home/tarapong/PythonProject/review_staad_file/found/A-AP500PS0401.std
A-AP500PS0402.std,/home/tarapong/PythonProject/review_staad_file/found/A-AP500PS0402.std
A-AP500PS0421.std,/home/tarapong/PythonProject/review_staad_file/found/A-AP500PS0421.std
A-AP500PS0433.std,/home/tarapong/PythonProject/review_staad_file/found/A-AP500PS0433.std
A-AP500PS0447.std,/home/tarapong/PythonProject/review_staad_file/found/A-AP500PS0447.std
A-AP500PS0449.std,/home/tarapong/PythonProject/review_staad_file/found/A-AP500PS0449.std
A-AP500PS0461.std,/home/tarapong/PythonProject/review_staad_file/found/A-AP500PS0461.std
A-AP500PS0469.std,/home/tarapong/PythonProject/review_staad_file/found/A-AP500PS0469.std
A-AP500PS0491.std,/home/tarapong/PythonProject/review_staad_file/found/A-AP500PS0491.std
A-AP500PS0492.std,/home/tarapong/PythonProject/review_staad_file/found/A-AP500PS0492.std
A-AP500PS0494.std,/home/tarapong/PythonProject/review_staad_file/found/A-AP500PS0494.std
A-AP500PS0500.std,/home/tarapong/PythonProject/review_staad_file/found/A-AP500PS0500.std
A-AP500PS0501.std,/home/tarapong/PythonProject/review_staad_file/found/A-AP500PS0501.std
A-AP500PS0504.std,/home/tarapong/PythonProject/review_staad_file/found/A-AP500PS0504.std
A-AP500PS0505.std,/home/tarapong/PythonProject/review_staad_file/found/A-AP500PS0505.std
A-AP500PS0506.std,/home/tarapong/PythonProject/review_staad_file/found/A-AP500PS0506.std
A-AP500PS0509.std,/home/tarapong/PythonProject/review_staad_file/found/A-AP500PS0509.std
A-AP500PS0528.std,/home/tarapong/PythonProject/review_staad_file/found/A-AP500PS0528.std
A-AP500PS0545.std,/home/tarapong/PythonProject/review_staad_file/found/A-AP500PS0545.std
A-AP500PS0582.std,/home/tarapong/PythonProject/review_staad_file/found/A-AP500PS0582.std
A-AP500PS0583.std,/home/tarapong/PythonProject/review_staad_file/found/A-AP500PS0583.std
A-AP500PS0600.std,/home/tarapong/PythonProject/review_staad_file/found/A-AP500PS0600.std
A-AP500PS0807.std,/home/tarapong/PythonProject/review_staad_file/found/A-AP500PS0807.std
A-AP500PS0808.std,/home/tarapong/PythonProject/review_staad_file/found/A-AP500PS0808.std
A-AP500PS7501.std,/home/tarapong/PythonProject/review_staad_file/found/A-AP500PS7501.std
A-AP500PS7502.std,/home/tarapong/PythonProject/review_staad_file/found/A-AP500PS7502.std
A-AP500SS3005.std,/home/tarapong/PythonProject/review_staad_file/found/A-AP500SS3005.std
A-AP500SS3008.std,/home/tarapong/PythonProject/review_staad_file/found/A-AP500SS3008.std
