File Name,File Location
A-AP200PS1058_A-AP200PS1575_A-AP200PS7501.std,./input/Staad/A-AP200PS1058_A-AP200PS1575_A-AP200PS7501/A-AP200PS1058_A-AP200PS1575_A-AP200PS7501.std
A-AP300PS0001.std,./input/Staad/A-AP300PS0001/A-AP300PS0001.std
A-AP300PS0011.std,./input/Staad/A-AP300PS0011/A-AP300PS0011.std
A-AP300PS0013.std,./input/Staad/A-AP300PS0013/A-AP300PS0013.std
A-AP300PS0014.std,./input/Staad/A-AP300PS0014/A-AP300PS0014.std
A-AP300PS0014_REVISED.std,./input/Staad/A-AP300PS0014/A-AP300PS0014_REVISED.std
A-AP300PS0020_A-AP300PS0021.std,./input/Staad/A-AP300PS0020_A-AP300PS0021/A-AP300PS0020_A-AP300PS0021.std
A-AP300PS0022_A-AP300PS0023.std,./input/Staad/A-AP300PS0022_A-AP300PS0023/A-AP300PS0022_A-AP300PS0023.std
A-AP300PS0025.std,./input/Staad/A-AP300PS0025/A-AP300PS0025.std
A-AP300PS0045.std,./input/Staad/A-AP300PS0045/A-AP300PS0045.std
A-AP300PS0046.std,./input/Staad/A-AP300PS0046/A-AP300PS0046.std
A-AP300PS0049.std,./input/Staad/A-AP300PS0049/A-AP300PS0049.std
A-AP300PS0068.std,./input/Staad/A-AP300PS0068/A-AP300PS0068.std
A-AP300PS0071_A-AP300PS0605.std,./input/Staad/A-AP300PS0071_A-AP300PS0605/A-AP300PS0071_A-AP300PS0605.std
A-AP300PS0075.std,./input/Staad/A-AP300PS0075/A-AP300PS0075.std
A-AP300PS0076.std,./input/Staad/A-AP300PS0076/A-AP300PS0076.std
A-AP300PS0082_A-AP300PS0432.std,./input/Staad/A-AP300PS0082_A-AP300PS0432/A-AP300PS0082_A-AP300PS0432.std
A-AP300PS0096.std,./input/Staad/A-AP300PS0096/A-AP300PS0096.std
A-AP300PS0096REVISED.std,./input/Staad/A-AP300PS0096/A-AP300PS0096REVISED.std
A-AP300PS0110.std,./input/Staad/A-AP300PS0110/A-AP300PS0110.std
A-AP300PS0111.std,./input/Staad/A-AP300PS0111 - Copy/A-AP300PS0111.std
A-AP300PS0111_R1.std,./input/Staad/A-AP300PS0111 - Copy/A-AP300PS0111_R1.std
A-AP300PS0111.std,./input/Staad/A-AP300PS0111/A-AP300PS0111.std
A-AP300PS0111_R1.std,./input/Staad/A-AP300PS0111/A-AP300PS0111_R1.std
A-AP300PS0113.std,./input/Staad/A-AP300PS0113/A-AP300PS0113.std
A-AP300PS0113_REVISED.std,./input/Staad/A-AP300PS0113/A-AP300PS0113_REVISED.std
A-AP300PS0118.std,./input/Staad/A-AP300PS0118/A-AP300PS0118.std
A-AP300PS0123.std,./input/Staad/A-AP300PS0123/A-AP300PS0123.std
A-AP300PS0124.std,./input/Staad/A-AP300PS0124/A-AP300PS0124.std
A-AP300PS0128_A-AP300PS0889.std,./input/Staad/A-AP300PS0128_A-AP300PS0889/A-AP300PS0128_A-AP300PS0889.std
A-AP300PS0129.std,./input/Staad/A-AP300PS0129/A-AP300PS0129.std
A-AP300PS0137.std,./input/Staad/A-AP300PS0137/A-AP300PS0137.std
A-AP300PS0145.std,./input/Staad/A-AP300PS0145/A-AP300PS0145.std
A-AP300PS0150.std,./input/Staad/A-AP300PS0150/A-AP300PS0150.std
A-AP300PS0150_revised.std,./input/Staad/A-AP300PS0150/A-AP300PS0150_revised.std
A-AP300PS0159.std,./input/Staad/A-AP300PS0159/A-AP300PS0159.std
A-AP300PS0163.std,./input/Staad/A-AP300PS0163/A-AP300PS0163.std
A-AP300PS0173.std,./input/Staad/A-AP300PS0173/A-AP300PS0173.std
A-AP300PS0207.std,./input/Staad/A-AP300PS0207/A-AP300PS0207.std
A-AP300PS0208.std,./input/Staad/A-AP300PS0208/A-AP300PS0208.std
A-AP300PS0211.std,./input/Staad/A-AP300PS0211/A-AP300PS0211.std
A-AP300PS0230.std,./input/Staad/A-AP300PS0230/A-AP300PS0230.std
A-AP300PS0231.std,./input/Staad/A-AP300PS0231/A-AP300PS0231.std
A-AP300PS0232.std,./input/Staad/A-AP300PS0232/A-AP300PS0232.std
A-AP300PS0252.std,./input/Staad/A-AP300PS0252/A-AP300PS0252.std
A-AP300PS0253_A-AP300PS0698.std,./input/Staad/A-AP300PS0253_A-AP300PS0698/A-AP300PS0253_A-AP300PS0698.std
A-AP300PS0256.std,./input/Staad/A-AP300PS0256/A-AP300PS0256.std
A-AP300PS0263_A-AP300PS0186.std,./input/Staad/A-AP300PS0263_A-AP300PS0186/A-AP300PS0263_A-AP300PS0186.std
A-AP300PS0322.std,./input/Staad/A-AP300PS0322/A-AP300PS0322.std
A-AP300PS0336.std,./input/Staad/A-AP300PS0336/A-AP300PS0336.std
A-AP300PS0336_R2.std,./input/Staad/A-AP300PS0336/A-AP300PS0336_R2.std
A-AP300PS0359.std,./input/Staad/A-AP300PS0359/A-AP300PS0359.std
A-AP300PS0375.std,./input/Staad/A-AP300PS0375/A-AP300PS0375.std
A-AP300PS0418_A-AP300PS0416.std,./input/Staad/A-AP300PS0418_A-AP300PS0416/A-AP300PS0418_A-AP300PS0416.std
A-AP300PS0435_R2.std,./input/Staad/A-AP300PS0435/A-AP300PS0435_R2.std
A-AP300PS0435_R3.std,./input/Staad/A-AP300PS0435/A-AP300PS0435_R3.std
A-AP300PS0475.std,./input/Staad/A-AP300PS0475/A-AP300PS0475.std
A-AP300PS0526.std,./input/Staad/A-AP300PS0526/A-AP300PS0526.std
A-AP300PS0526_20240725.std,./input/Staad/A-AP300PS0526/A-AP300PS0526_20240725.std
A-AP300PS0526_20241029.std,./input/Staad/A-AP300PS0526/A-AP300PS0526_20241029.std
A-AP300PS0541.std,./input/Staad/A-AP300PS0541/A-AP300PS0541.std
A-AP300PS0603_A-AP300PS0435.std,./input/Staad/A-AP300PS0603_A-AP300PS0435/A-AP300PS0603_A-AP300PS0435.std
A-AP300PS0643.std,./input/Staad/A-AP300PS0643/A-AP300PS0643.std
A-AP300PS0643_NEW.std,./input/Staad/A-AP300PS0643/A-AP300PS0643_NEW.std
A-AP300PS0643_old.std,./input/Staad/A-AP300PS0643/A-AP300PS0643_old.std
A-AP300PS0698_A-AP300PS0253.std,./input/Staad/A-AP300PS0698_A-AP300PS0253/A-AP300PS0698_A-AP300PS0253.std
A-AP300PS0730.std,./input/Staad/A-AP300PS0730/A-AP300PS0730.std
A-AP300PS0758_A-AP300PS0190.std,./input/Staad/A-AP300PS0758_A-AP300PS0190/A-AP300PS0758_A-AP300PS0190.std
A-AP300PS0763.std,./input/Staad/A-AP300PS0763/A-AP300PS0763.std
A-AP300PS0777.std,./input/Staad/A-AP300PS0777/A-AP300PS0777.std
A-AP300PS0777_old.std,./input/Staad/A-AP300PS0777/A-AP300PS0777_old.std
A-AP300PS0824.std,./input/Staad/A-AP300PS0824/A-AP300PS0824.std
A-AP300PS0854_A-AP300PS0603_A-AP300PS0435.std,./input/Staad/A-AP300PS0854_A-AP300PS0603_A-AP300PS0435/A-AP300PS0854_A-AP300PS0603_A-AP300PS0435.std
A-AP300PS0854_A-AP300PS0603_A-AP300PS0435_REVISED.std,./input/Staad/A-AP300PS0854_A-AP300PS0603_A-AP300PS0435/A-AP300PS0854_A-AP300PS0603_A-AP300PS0435_REVISED.std
A-AP300PS0883_A-AP300PS1323_A-AP300PS1236.std,./input/Staad/A-AP300PS0883_A-AP300PS1323_A-AP300PS1236/A-AP300PS0883_A-AP300PS1323_A-AP300PS1236.std
A-AP300PS0915.std,./input/Staad/A-AP300PS0915/A-AP300PS0915.std
A-AP300PS1076_member.std,./input/Staad/A-AP300PS1076/A-AP300PS1076_member.std
A-AP300PS1076_node.std,./input/Staad/A-AP300PS1076/A-AP300PS1076_node.std
A-AP300PS1108.std,./input/Staad/A-AP300PS1108/A-AP300PS1108.std
A-AP300PS1110.std,./input/Staad/A-AP300PS1110/A-AP300PS1110.std
A-AP300PS1115.std,./input/Staad/A-AP300PS1115/A-AP300PS1115.std
A-AP300PS1170.std,./input/Staad/A-AP300PS1170/A-AP300PS1170.std
A-AP300PS1299.std,./input/Staad/A-AP300PS1299/A-AP300PS1299.std
A-AP400PS0018.std,./input/Staad/A-AP400PS0018/A-AP400PS0018.std
A-AP400PS0021.std,./input/Staad/A-AP400PS0021/A-AP400PS0021.std
A-AP400PS0047.std,./input/Staad/A-AP400PS0047/A-AP400PS0047.std
A-AP400PS0052.std,./input/Staad/A-AP400PS0052/A-AP400PS0052.std
A-AP400PS0053_REVISED.std,./input/Staad/A-AP400PS0053/A-AP400PS0053_REVISED.std
A-AP400PS0053_A-AP400PS0194_REVISED.std,./input/Staad/A-AP400PS0053_A-AP400PS0194/A-AP400PS0053_A-AP400PS0194_REVISED.std
A-AP400PS0053_A-AP400PS0194_REVISED_20240917.std,./input/Staad/A-AP400PS0053_A-AP400PS0194/A-AP400PS0053_A-AP400PS0194_REVISED_20240917.std
A-AP400PS0164.std,./input/Staad/A-AP400PS0164/A-AP400PS0164.std
A-AP400PS0169_REVISED.std,./input/Staad/A-AP400PS0169/A-AP400PS0169_REVISED.std
A-AP400PS0169_REVISED_20240919.std,./input/Staad/A-AP400PS0169/A-AP400PS0169_REVISED_20240919.std
A-AP400PS0170.std,./input/Staad/A-AP400PS0170/A-AP400PS0170.std
A-AP400PS0201.std,./input/Staad/A-AP400PS0201/A-AP400PS0201.std
A-AP400PS0202.std,./input/Staad/A-AP400PS0202/A-AP400PS0202.std
A-AP400PS0221_A-AP400PS0801.std,./input/Staad/A-AP400PS0221_A-AP400PS0801/A-AP400PS0221_A-AP400PS0801.std
A-AP400PS0284_A-AP400PS0569.std,./input/Staad/A-AP400PS0284_A-AP400PS0569/A-AP400PS0284_A-AP400PS0569.std
A-AP400PS0287.std,./input/Staad/A-AP400PS0287/A-AP400PS0287.std
A-AP400PS0289.std,./input/Staad/A-AP400PS0289/A-AP400PS0289.std
A-AP400PS0297.std,./input/Staad/A-AP400PS0297/A-AP400PS0297.std
A-AP400PS0319.std,./input/Staad/A-AP400PS0319/A-AP400PS0319.std
A-AP400PS0364_A-AP400PS0577.std,./input/Staad/A-AP400PS0364_A-AP400PS0577/A-AP400PS0364_A-AP400PS0577.std
A-AP400PS0407.std,./input/Staad/A-AP400PS0407/A-AP400PS0407.std
A-AP400PS0457.std,./input/Staad/A-AP400PS0457/A-AP400PS0457.std
A-AP400PS0501_A-AP400PS0059_A-AP400PS1090_A-AP400PS0923_A-AP400PS0924_A-AP400PS0925.std,./input/Staad/A-AP400PS0501_A-AP400PS0059_A-AP400PS1090_A-AP400PS0923_A-AP400PS0924_A-AP400PS0925/A-AP400PS0501_A-AP400PS0059_A-AP400PS1090_A-AP400PS0923_A-AP400PS0924_A-AP400PS0925.std
A-AP400PS0585.std,./input/Staad/A-AP400PS0585/A-AP400PS0585.std
A-AP400PS0585_REVISED_20240925.std,./input/Staad/A-AP400PS0585/A-AP400PS0585_REVISED_20240925.std
A-AP400PS0666_A-AP400PS0086_A-AP400PS0559_A-AP400PS0064.std,./input/Staad/A-AP400PS0666_A-AP400PS0086_A-AP400PS0559_A-AP400PS0064/A-AP400PS0666_A-AP400PS0086_A-AP400PS0559_A-AP400PS0064.std
A-AP400PS0704.std,./input/Staad/A-AP400PS0704/A-AP400PS0704.std
A-AP400PS0710.std,./input/Staad/A-AP400PS0710/A-AP400PS0710.std
A-AP400PS0742.std,./input/Staad/A-AP400PS0742/A-AP400PS0742.std
A-AP400PS0802.std,./input/Staad/A-AP400PS0802/A-AP400PS0802.std
A-AP500PS0006.std,./input/Staad/A-AP500PS0006/A-AP500PS0006.std
A-AP500PS0007_20240924.std,./input/Staad/A-AP500PS0007/A-AP500PS0007_20240924.std
A-AP500PS0008.std,./input/Staad/A-AP500PS0008/A-AP500PS0008.std
A-AP500PS0009.std,./input/Staad/A-AP500PS0009/A-AP500PS0009.std
A-AP500PS0011.std,./input/Staad/A-AP500PS0011/A-AP500PS0011.std
A-AP500PS0012.std,./input/Staad/A-AP500PS0012/A-AP500PS0012.std
A-AP500PS0014.std,./input/Staad/A-AP500PS0014/A-AP500PS0014.std
A-AP500PS0015_20241007.std,./input/Staad/A-AP500PS0015/A-AP500PS0015_20241007.std
A-AP500PS0017.std,./input/Staad/A-AP500PS0017/A-AP500PS0017.std
A-AP500PS0017_A-AP500PS0791.std,./input/Staad/A-AP500PS0017_A-AP500PS0791/A-AP500PS0017_A-AP500PS0791.std
A-AP500PS0018.std,./input/Staad/A-AP500PS0018/A-AP500PS0018.std
A-AP500PS0023.std,./input/Staad/A-AP500PS0023/A-AP500PS0023.std
A-AP500PS0024.std,./input/Staad/A-AP500PS0024/A-AP500PS0024.std
A-AP500PS0024_A-AP500PS0758.std,./input/Staad/A-AP500PS0024_A-AP500PS0758/A-AP500PS0024_A-AP500PS0758.std
A-AP500PS0024_A-AP500PS0759_STIFFNESS.std,./input/Staad/A-AP500PS0024_A-AP500PS0759/A-AP500PS0024_A-AP500PS0759_STIFFNESS.std
A-AP500PS0024_A-AP500PS0759_A-AP500PS0029.std,./input/Staad/A-AP500PS0024_A-AP500PS0759_A-AP500PS0029/A-AP500PS0024_A-AP500PS0759_A-AP500PS0029.std
A-AP500PS0024_A-AP500PS0759_A-AP500PS0029_REVISE1.std,./input/Staad/A-AP500PS0024_A-AP500PS0759_A-AP500PS0029/A-AP500PS0024_A-AP500PS0759_A-AP500PS0029_REVISE1.std
A-AP500PS0028.std,./input/Staad/A-AP500PS0028/A-AP500PS0028.std
A-AP500PS0029.std,./input/Staad/A-AP500PS0029/A-AP500PS0029.std
A-AP500PS0031.std,./input/Staad/A-AP500PS0031 - backupforstiffness/A-AP500PS0031.std
A-AP500PS0031_REVISED.std,./input/Staad/A-AP500PS0031 - backupforstiffness/A-AP500PS0031_REVISED.std
A-AP500PS0031_STIFFNESS.std,./input/Staad/A-AP500PS0031 - backupforstiffness/A-AP500PS0031_STIFFNESS.std
A-AP500PS0031_STIFFNESS2.std,./input/Staad/A-AP500PS0031 - backupforstiffness/A-AP500PS0031_STIFFNESS2.std
A-AP500PS0031_STIFFNESS_CHECK.std,./input/Staad/A-AP500PS0031 - backupforstiffness/A-AP500PS0031_STIFFNESS_CHECK.std
A-AP500PS0031.std,./input/Staad/A-AP500PS0031/A-AP500PS0031.std
A-AP500PS0031_REVISED.std,./input/Staad/A-AP500PS0031/A-AP500PS0031_REVISED.std
A-AP500PS0031_STIFFNESS.std,./input/Staad/A-AP500PS0031/A-AP500PS0031_STIFFNESS.std
A-AP500PS0031_STIFFNESS2.std,./input/Staad/A-AP500PS0031/A-AP500PS0031_STIFFNESS2.std
A-AP500PS0031_STIFFNESS_CHECK.std,./input/Staad/A-AP500PS0031/A-AP500PS0031_STIFFNESS_CHECK.std
A-AP500PS0035_A-AP500PS0194.std,./input/Staad/A-AP500PS0035_A-AP500PS0194/A-AP500PS0035_A-AP500PS0194.std
A-AP500PS0037.std,./input/Staad/A-AP500PS0037/A-AP500PS0037.std
A-AP500PS0037_STIFFNESS_CHECK.std,./input/Staad/A-AP500PS0037/A-AP500PS0037_STIFFNESS_CHECK.std
A-AP500PS0048.std,./input/Staad/A-AP500PS0048/A-AP500PS0048.std
A-AP500PS0048_REVISED.std,./input/Staad/A-AP500PS0048/A-AP500PS0048_REVISED.std
A-AP500PS0049.std,./input/Staad/A-AP500PS0049/A-AP500PS0049.std
A-AP500PS0050.std,./input/Staad/A-AP500PS0050/A-AP500PS0050.std
A-AP500PS0050_REVISED.std,./input/Staad/A-AP500PS0050/A-AP500PS0050_REVISED.std
A-AP500PS0050_REVISED_20240919.std,./input/Staad/A-AP500PS0050/A-AP500PS0050_REVISED_20240919.std
A-AP500PS0053.std,./input/Staad/A-AP500PS0053/A-AP500PS0053.std
A-AP500PS0058.std,./input/Staad/A-AP500PS0058/A-AP500PS0058.std
A-AP500PS0061.std,./input/Staad/A-AP500PS0061/A-AP500PS0061.std
A-AP500PS0062.std,./input/Staad/A-AP500PS0062/A-AP500PS0062.std
A-AP500PS0066.std,./input/Staad/A-AP500PS0066/A-AP500PS0066.std
A-AP500PS0077.std,./input/Staad/A-AP500PS0077/A-AP500PS0077.std
A-AP500PS0086.std,./input/Staad/A-AP500PS0086/A-AP500PS0086.std
A-AP500PS0092.std,./input/Staad/A-AP500PS0092/A-AP500PS0092.std
A-AP500PS0093.std,./input/Staad/A-AP500PS0093/A-AP500PS0093.std
A-AP500PS0094.std,./input/Staad/A-AP500PS0094/A-AP500PS0094.std
A-AP500PS0097.std,./input/Staad/A-AP500PS0097/A-AP500PS0097.std
A-AP500PS0098.std,./input/Staad/A-AP500PS0098/A-AP500PS0098.std
A-AP500PS0100.std,./input/Staad/A-AP500PS0100/A-AP500PS0100.std
A-AP500PS0103_201241021.std,./input/Staad/A-AP500PS0103/A-AP500PS0103_201241021.std
A-AP500PS0105_REVISED.std,./input/Staad/A-AP500PS0105/A-AP500PS0105_REVISED.std
A-AP500PS0105_REVISED2.std,./input/Staad/A-AP500PS0105/A-AP500PS0105_REVISED2.std
A-AP500PS0105_REVISED3.std,./input/Staad/A-AP500PS0105/A-AP500PS0105_REVISED3.std
A-AP500PS0105_REVISED3deleteBracing.std,./input/Staad/A-AP500PS0105/A-AP500PS0105_REVISED3deleteBracing.std
A-AP500PS0105_REVISED4.std,./input/Staad/A-AP500PS0105/A-AP500PS0105_REVISED4.std
A-AP500PS0105_REVISED5.std,./input/Staad/A-AP500PS0105/A-AP500PS0105_REVISED5.std
A-AP500PS0105_REVISED6.std,./input/Staad/A-AP500PS0105/A-AP500PS0105_REVISED6.std
A-AP500PS0105test00009.std,./input/Staad/A-AP500PS0105/A-AP500PS0105test00009.std
A-AP500PS0110.std,./input/Staad/A-AP500PS0110/A-AP500PS0110.std
A-AP500PS0111.std,./input/Staad/A-AP500PS0111/A-AP500PS0111.std
A-AP500PS0120.std,./input/Staad/A-AP500PS0120/A-AP500PS0120.std
A-AP500PS0120_REVISED.std,./input/Staad/A-AP500PS0120/A-AP500PS0120_REVISED.std
A-AP500PS0121.std,./input/Staad/A-AP500PS0121/A-AP500PS0121.std
A-AP500PS0122.std,./input/Staad/A-AP500PS0122/A-AP500PS0122.std
A-AP500PS0127.std,./input/Staad/A-AP500PS0127/A-AP500PS0127.std
A-AP500PS0128.std,./input/Staad/A-AP500PS0128/A-AP500PS0128.std
A-AP500PS0139test.std,./input/Staad/A-AP500PS0139/A-AP500PS0139test.std
A-AP500PS0143.std,./input/Staad/A-AP500PS0143/A-AP500PS0143.std
A-AP500PS0144.std,./input/Staad/A-AP500PS0144/A-AP500PS0144.std
A-AP500PS0148_A-AP500PS0643.std,./input/Staad/A-AP500PS0148_A-AP500PS0643/A-AP500PS0148_A-AP500PS0643.std
A-AP500PS0149.std,./input/Staad/A-AP500PS0149/A-AP500PS0149.std
A-AP500PS0151.std,./input/Staad/A-AP500PS0151/A-AP500PS0151.std
A-AP500PS0152.std,./input/Staad/A-AP500PS0152/A-AP500PS0152.std
A-AP500PS0157.std,./input/Staad/A-AP500PS0157/A-AP500PS0157.std
A-AP500PS0159.std,./input/Staad/A-AP500PS0159/A-AP500PS0159.std
A-AP500PS0186.std,./input/Staad/A-AP500PS0186/A-AP500PS0186.std
A-AP500PS0187.std,./input/Staad/A-AP500PS0187/A-AP500PS0187.std
A-AP500PS0193.std,./input/Staad/A-AP500PS0193/A-AP500PS0193.std
A-AP500PS0205.std,./input/Staad/A-AP500PS0205/A-AP500PS0205.std
A-AP500PS0213.std,./input/Staad/A-AP500PS0213/A-AP500PS0213.std
A-AP500PS0216.std,./input/Staad/A-AP500PS0216/A-AP500PS0216.std
A-AP500PS0216_REVISED.std,./input/Staad/A-AP500PS0216/A-AP500PS0216_REVISED.std
A-AP500PS0217.std,./input/Staad/A-AP500PS0217/A-AP500PS0217.std
A-AP500PS0225.std,./input/Staad/A-AP500PS0225/A-AP500PS0225.std
A-AP500PS0225_REVISED.std,./input/Staad/A-AP500PS0225/A-AP500PS0225_REVISED.std
Garage01.std,./input/Staad/A-AP500PS0225/Garage01.std
A-AP500PS0237.std,./input/Staad/A-AP500PS0237/A-AP500PS0237.std
xxxxtest.std,./input/Staad/A-AP500PS0239/xxxxtest.std
A-AP500PS0248_A-AP500PS0081_A-AP500PS0851.std,./input/Staad/A-AP500PS0248_A-AP500PS0081_A-AP500PS0851/A-AP500PS0248_A-AP500PS0081_A-AP500PS0851.std
A-AP500PS0261.std,./input/Staad/A-AP500PS0261/A-AP500PS0261.std
A-AP500PS0264.std,./input/Staad/A-AP500PS0264/A-AP500PS0264.std
A-AP500PS0267.std,./input/Staad/A-AP500PS0267/A-AP500PS0267.std
A-AP500PS0268.std,./input/Staad/A-AP500PS0268/A-AP500PS0268.std
A-AP500PS0270.std,./input/Staad/A-AP500PS0270/A-AP500PS0270.std
A-AP500PS0271.std,./input/Staad/A-AP500PS0271/A-AP500PS0271.std
A-AP500PS0274.std,./input/Staad/A-AP500PS0274/A-AP500PS0274.std
A-AP500PS0276.std,./input/Staad/A-AP500PS0276/A-AP500PS0276.std
A-AP500PS0276_REVISED.std,./input/Staad/A-AP500PS0276/A-AP500PS0276_REVISED.std
A-AP500PS0280.std,./input/Staad/A-AP500PS0280/A-AP500PS0280.std
A-AP500PS0290.std,./input/Staad/A-AP500PS0290/A-AP500PS0290.std
A-AP500PS0308_REVISED.std,./input/Staad/A-AP500PS0308/A-AP500PS0308_REVISED.std
A-AP500PS0309.std,./input/Staad/A-AP500PS0309/A-AP500PS0309.std
A-AP500PS0329.std,./input/Staad/A-AP500PS0329/A-AP500PS0329.std
A-AP500PS0349.std,./input/Staad/A-AP500PS0349/A-AP500PS0349.std
A-AP500PS0349new.std,./input/Staad/A-AP500PS0349/A-AP500PS0349new.std
A-AP500PS0385.std,./input/Staad/A-AP500PS0385/A-AP500PS0385.std
A-AP500PS0393.std,./input/Staad/A-AP500PS0393/A-AP500PS0393.std
A-AP500PS0399.std,./input/Staad/A-AP500PS0399/A-AP500PS0399.std
A-AP500PS0400.std,./input/Staad/A-AP500PS0400/A-AP500PS0400.std
A-AP500PS0401.std,./input/Staad/A-AP500PS0401/A-AP500PS0401.std
A-AP500PS0402.std,./input/Staad/A-AP500PS0402/A-AP500PS0402.std
A-AP500PS0421.std,./input/Staad/A-AP500PS0421/A-AP500PS0421.std
A-AP500PS0433.std,./input/Staad/A-AP500PS0433/A-AP500PS0433.std
A-AP500PS0447.std,./input/Staad/A-AP500PS0447/A-AP500PS0447.std
A-AP500PS0449.std,./input/Staad/A-AP500PS0449/A-AP500PS0449.std
A-AP500PS0461.std,./input/Staad/A-AP500PS0461/A-AP500PS0461.std
A-AP500PS0469.std,./input/Staad/A-AP500PS0469/A-AP500PS0469.std
A-AP500PS0491.std,./input/Staad/A-AP500PS0491/A-AP500PS0491.std
A-AP500PS0492.std,./input/Staad/A-AP500PS0492/A-AP500PS0492.std
A-AP500PS0494.std,./input/Staad/A-AP500PS0494/A-AP500PS0494.std
A-AP500PS0494_20241016.std,./input/Staad/A-AP500PS0494/A-AP500PS0494_20241016.std
A-AP500PS0500(add dummy).std,./input/Staad/A-AP500PS0500/A-AP500PS0500(add dummy).std
A-AP500PS0500.std,./input/Staad/A-AP500PS0500/A-AP500PS0500.std
A-AP500PS0501.std,./input/Staad/A-AP500PS0501/A-AP500PS0501.std
A-AP500PS0504.std,./input/Staad/A-AP500PS0504/A-AP500PS0504.std
A-AP500PS0505.std,./input/Staad/A-AP500PS0505/A-AP500PS0505.std
A-AP500PS0506.std,./input/Staad/A-AP500PS0506/A-AP500PS0506.std
A-AP500PS0509.std,./input/Staad/A-AP500PS0509/A-AP500PS0509.std
A-AP500PS0513.std,./input/Staad/A-AP500PS0513/A-AP500PS0513.std
A-AP500PS0528.std,./input/Staad/A-AP500PS0528/A-AP500PS0528.std
A-AP500PS0545.std,./input/Staad/A-AP500PS0545/A-AP500PS0545.std
A-AP500PS0582.std,./input/Staad/A-AP500PS0582/A-AP500PS0582.std
A-AP500PS0583.std,./input/Staad/A-AP500PS0583/A-AP500PS0583.std
A-AP500PS0600.std,./input/Staad/A-AP500PS0600/A-AP500PS0600.std
A-AP500PS0807.std,./input/Staad/A-AP500PS0807/A-AP500PS0807.std
A-AP500PS0808.std,./input/Staad/A-AP500PS0808/A-AP500PS0808.std
A-AP500PS7501.std,./input/Staad/A-AP500PS7501/A-AP500PS7501.std
A-AP500PS7501_REVISED.std,./input/Staad/A-AP500PS7501/A-AP500PS7501_REVISED.std
A-AP500PS7502.std,./input/Staad/A-AP500PS7502/A-AP500PS7502.std
A-AP500PS7502_REVISED.std,./input/Staad/A-AP500PS7502/A-AP500PS7502_REVISED.std
A-AP500PS7502_REVISED2.std,./input/Staad/A-AP500PS7502/A-AP500PS7502_REVISED2.std
A-AP500SS3005.std,./input/Staad/A-AP500SS3005/A-AP500SS3005.std
A-AP500SS3008.std,./input/Staad/A-AP500SS3008/A-AP500SS3008.std
